sub_reddit	count	mean	std	min	25%	50%	75%	max
CombatFootage	1285469.0	25.45109528117753	36.79941754923771	0.0	8.0	15.0	30.0	1729.0
CredibleDefense	103388.0	61.92511703485898	93.7903937246463	0.0	17.0	35.0	70.0	1684.0
RussiaUkraineWar2022	307908.0	28.230565623497927	42.54385714865888	0.0	7.0	14.0	31.0	1699.0
UkraineConflict	66260.0	28.35701780863266	48.63658918131248	0.0	8.0	15.0	31.0	1545.0
UkraineInvasionVideos	107221.0	21.141213008645693	31.966507038208015	0.0	6.0	12.0	24.0	1390.0
UkraineWarReports	82598.0	26.224170076757307	36.6988004885307	0.0	7.0	15.0	35.0	1339.0
UkraineWarVideoReport	1452230.0	24.902087134957963	36.71574773240261	0.0	7.0	15.0	30.0	1742.0
UkrainianConflict	1562162.0	30.0968126225065	47.53973348012012	0.0	9.0	17.0	35.0	1796.0
geopolitics	41547.0	59.878426841889905	86.03867369140852	0.0	15.0	34.0	69.0	1632.0
ukraina	118467.0	23.35906201727063	42.37051881371258	0.0	6.0	12.0	26.0	1672.0
ukraine	3650343.0	28.703036125646275	43.31105177531452	0.0	8.0	16.0	33.0	1828.0
war	99108.0	24.78462888969609	39.66926720178	0.0	6.0	13.0	28.0	1477.0
sub_reddit	count	mean	std	min	25%	50%	75%	max
CombatFootage	1285469.0	25.45109528117753	36.79941754923771	0.0	8.0	15.0	30.0	1729.0
CredibleDefense	103388.0	61.92511703485898	93.7903937246463	0.0	17.0	35.0	70.0	1684.0
RussiaUkraineWar2022	307908.0	28.230565623497927	42.54385714865888	0.0	7.0	14.0	31.0	1699.0
UkraineConflict	66260.0	28.35701780863266	48.63658918131248	0.0	8.0	15.0	31.0	1545.0
UkraineInvasionVideos	107221.0	21.141213008645693	31.966507038208015	0.0	6.0	12.0	24.0	1390.0
UkraineWarReports	82598.0	26.224170076757307	36.6988004885307	0.0	7.0	15.0	35.0	1339.0
UkraineWarVideoReport	1452230.0	24.902087134957963	36.71574773240261	0.0	7.0	15.0	30.0	1742.0
UkrainianConflict	1562162.0	30.0968126225065	47.53973348012012	0.0	9.0	17.0	35.0	1796.0
geopolitics	41547.0	59.878426841889905	86.03867369140852	0.0	15.0	34.0	69.0	1632.0
ukraina	118467.0	23.35906201727063	42.37051881371258	0.0	6.0	12.0	26.0	1672.0
ukraine	3650343.0	28.703036125646275	43.31105177531452	0.0	8.0	16.0	33.0	1828.0
war	99108.0	24.78462888969609	39.66926720178	0.0	6.0	13.0	28.0	1477.0
